Workbook

Sheet original data
A1: Country_name | B1: Life Ladder | C1: Average Life Ladder | D1: Log GDP per capita | E1: Social_support | F1: Healthy life expectancy at birth | G1: Freedom_to_make_life_choices | H1: Generosity | I1: Perceptions_of_corruption | J1: Positive affect | K1: Negative affect | L1: Confidence in national government
A2: Austria | B2: 7.2134891 | C2: =AVERAGEIF(A:A, A2, B:B) -> 7.1628304 | D2: 10.85622 | E2: 0.92483121 | F2: 71.025002 | G2: 0.91190988 | H2: 0.008043503 | I2: 0.46383017 | J2: 0.71635228 | K2: 0.20649965 | L2: 0.62617785
A3: Austria | B3: 7.1953611 | C3: =AVERAGEIF(A:A, A3, B:B) -> 7.1628304 | D3: 10.93013 | E3: 0.9644888 | F3: 70.900002 | G3: 0.90342766 | H3: 0.05765314 | I3: 0.45708889 | J3: 0.72734111 | K3: 0.20516974 | L3: 0.51233828
A4: Austria | B4: 7.0796409 | C4: =AVERAGEIF(A:A, A4, B:B) -> 7.1628304 | D4: 10.892092 | E4: 0.86297596 | F4: 71.150002 | G4: 0.79484594 | H4: 0.16167346 | I4: 0.5008086 | J4: 0.72186524 | K4: 0.25908017 | L4: 0.61045897
A5: Belgium | B5: 6.8387609 | C5: =AVERAGEIF(A:A, A5, B:B) -> 6.8054495 | D5: 10.793847 | E5: 0.90355867 | F5: 70.75 | G5: 0.76691783 | H5: -0.16801377 | I5: 0.63362676 | J5: 0.61912548 | K5: 0.26018879 | L5: 0.2947996
A6: Belgium | B6: 6.7721381 | C6: =AVERAGEIF(A:A, A6, B:B) -> 6.8054495 | D6: 10.857924 | E6: 0.88423049 | F6: 70.599998 | G6: 0.77620363 | H6: -0.17447265 | I6: 0.67249751 | J6: 0.6990425 | K6: 0.24363084 | L6: 0.32790115
A7: Brazil | B7: 6.320673 | C7: =AVERAGEIF(A:A, A7, B:B) -> 6.5152433 | D7: 9.5152473 | E7: 0.88640243 | F7: 63.419998 | G7: 0.77664483 | H7: -0.017624738 | I7: 0.72803849 | J7: 0.77485615 | K7: 0.29922277 | L7: 0.3834596
A8: Brazil | B8: 6.6914248 | C8: =AVERAGEIF(A:A, A8, B:B) -> 6.5152433 | D8: 9.5549917 | E8: 0.87810755 | F8: 63.580002 | G8: 0.7819311 | H8: -0.079088137 | I8: 0.68827277 | J8: 0.71765608 | K8: 0.26548552 | L8: 0.51101005
A9: Brazil | B9: 6.0099535 | C9: =AVERAGEIF(A:A, A9, B:B) -> 6.5152433 | D9: 9.5931873 | E9: 0.81432867 | F9: 65.75 | G9: 0.79150772 | H9: 0.090771444 | I9: 0.7385714 | J9: 0.6615504 | K9: 0.40718296 | L9: 0.32709929
A10: Brazil | B10: 6.6367712 | C10: =AVERAGEIF(A:A, A10, B:B) -> 6.5152433 | D10: 9.4387455 | E10: 0.88292295 | F10: 63.099998 | G10: 0.88218611 | I10: 0.74499404 | J10: 0.76992124 | K10: 0.30177984 | L10: 0.34062475
A11: Brazil | B11: 6.1097178 | C11: =AVERAGEIF(A:A, A11, B:B) -> 6.5152433 | D11: 9.5513725 | E11: 0.83083212 | F11: 65.574997 | G11: 0.78623509 | H11: -0.056306385 | I11: 0.72877222 | J11: 0.65329963 | K11: 0.38913855 | L11: 0.36229241
A12: Brazil | B12: 7.0008316 | C12: =AVERAGEIF(A:A, A12, B:B) -> 6.5152433 | D12: 9.5441132 | E12: 0.91281807 | F12: 63.740002 | G12: 0.76671606 | H12: -0.056668513 | I12: 0.72251499 | J12: 0.74398255 | K12: 0.27410316 | L12: 0.42717853
A13: Brazil | B13: 6.8373313 | C13: =AVERAGEIF(A:A, A13, B:B) -> 6.5152433 | D13: 9.607317 | E13: 0.90552813 | F13: 63.900002 | G13: 0.80594927 | H13: -0.055444442 | I13: 0.65603608 | J13: 0.72593129 | K13: 0.24988122 | L13: 0.51126665
A14: Belize | B14: 6.4506445 | C14: =AVERAGEIF(A:A, A14, B:B) -> 6.2031455 | D14: 8.9042778 | E14: 0.87226665 | F14: 64.300003 | G14: 0.70530593 | H14: 0.031119337 | I14: 0.76898444 | J14: 0.73154014 | K14: 0.25059572 | L14: 0.25546312
A15: Belize | B15: 5.9556465 | C15: =AVERAGEIF(A:A, A15, B:B) -> 6.2031455 | D15: 8.8987589 | E15: 0.7569325 | F15: 65 | G15: 0.87356907 | H15: 0.02009221 | I15: 0.78210539 | J15: 0.73502713 | K15: 0.28160441 | L15: 0.38426718
A16: Argentina | B16: 6.0731583 | C16: =AVERAGEIF(A:A, A16, B:B) -> 6.0311928 | D16: 10.017892 | E16: 0.86220557 | F16: 65.940002 | G16: 0.65283263 | H16: -0.1426135 | I16: 0.88105774 | J16: 0.74982589 | K16: 0.27900797 | L16: 0.40582374
A17: Argentina | B17: 5.9005671 | C17: =AVERAGEIF(A:A, A17, B:B) -> 6.0311928 | D17: 9.8878994 | E17: 0.89710385 | F17: 67.150002 | G17: 0.82339162 | H17: -0.12674294 | I17: 0.81578046 | J17: 0.67931676 | K17: 0.34249693 | L17: 0.43075809
A18: Argentina | B18: 6.3129253 | C18: =AVERAGEIF(A:A, A18, B:B) -> 6.0311928 | D18: 9.9416332 | E18: 0.93846279 | F18: 65.82 | G18: 0.73300368 | H18: -0.15844044 | I18: 0.85179949 | J18: 0.74828309 | K18: 0.32823002 | L18: 0.5175041
A19: Argentina | B19: 5.9082789 | C19: =AVERAGEIF(A:A, A19, B:B) -> 6.0311928 | D19: 9.9554214 | E19: 0.88230455 | F19: 67.199997 | G19: 0.81947935 | H19: -0.008816142 | I19: 0.8162567 | J19: 0.68486005 | K19: 0.34513158 | L19: 0.32657412
A20: Argentina | B20: 5.9610343 | C20: =AVERAGEIF(A:A, A20, B:B) -> 6.0311928 | D20: 10.047737 | E20: 0.89219451 | F20: 66.059998 | G20: 0.67822218 | H20: -0.13339715 | I20: 0.86499625 | J20: 0.71999699 | K20: 0.31822228 | L20: 0.28637058
A21: Bahrain | B21: 4.823976 | C21: =AVERAGEIF(A:A, A21, B:B) -> 5.6356533 | D21: 10.695518 | E21: 0.90786773 | F21: 65.239998 | G21: 0.86987037 | H21: -0.053820446 | I21: 0.58252245 | J21: 0.50599247 | K21: 0.5137192
A22: Bahrain | B22: 5.7005234 | C22: =AVERAGEIF(A:A, A22, B:B) -> 5.6356533 | D22: 10.709057 | E22: 0.90414345 | F22: 64.760002 | G22: 0.89593142 | H22: 0.03495907 | I22: 0.50610393 | J22: 0.70742238 | K22: 0.42188948
A23: Bahrain | B23: 5.0271869 | C23: =AVERAGEIF(A:A, A23, B:B) -> 5.6356533 | D23: 10.715217 | E23: 0.9113496 | F23: 65.480003 | G23: 0.6818229 | I23: 0.43791527 | J23: 0.55941576 | K23: 0.38081476
A24: Bahrain | B24: 5.9368691 | C24: =AVERAGEIF(A:A, A24, B:B) -> 5.6356533 | D24: 10.705484 | E24: 0.87711507 | F24: 65 | G24: 0.86200291 | H24: -0.003043235 | I24: 0.71462017 | J24: 0.64103901 | K24: 0.42267072
A25: Bahrain | B25: 6.6897111 | C25: =AVERAGEIF(A:A, A25, B:B) -> 5.6356533 | D25: 10.75643 | E25: 0.88378054 | F25: 65.720001 | G25: 0.80920595 | I25: 0.52470326 | J25: 0.71110761 | K25: 0.30620941
A26: Bolivia | B26: 5.3739862 | C26: =AVERAGEIF(A:A, A26, B:B) -> 5.5964644 | D26: 8.6862116 | E26: 0.83427995 | F26: 60.900002 | G26: 0.77013475 | H26: -0.044768732 | I26: 0.7944842 | J26: 0.708094 | K26: 0.43194497 | L26: 0.53630942
A27: Bolivia | B27: 5.2978725 | C27: =AVERAGEIF(A:A, A27, B:B) -> 5.5964644 | D27: 8.756403 | E27: 0.78526235 | F27: 61.299999 | G27: 0.72561973 | H27: -0.092359528 | I27: 0.80142039 | J27: 0.72347772 | K27: 0.39207962 | L27: 0.4418211
A28: Bolivia | B28: 5.6284194 | C28: =AVERAGEIF(A:A, A28, B:B) -> 5.5964644 | D28: 8.7136459 | E28: 0.7961365 | F28: 61.099998 | G28: 0.77993524 | H28: 6.16e-05 | I28: 0.81699395 | J28: 0.74573493 | K28: 0.38778624 | L28: 0.50628591
A29: Bolivia | B29: 6.0855794 | C29: =AVERAGEIF(A:A, A29, B:B) -> 5.5964644 | D29: 8.7727604 | E29: 0.83131993 | F29: 61.5 | G29: 0.77893859 | H29: -0.036766574 | I29: 0.76260454 | J29: 0.74209881 | K29: 0.37236929 | L29: 0.4681505
A30: Belarus | B30: 5.5529151 | C30: =AVERAGEIF(A:A, A30, B:B) -> 5.5765529 | D30: 9.8177176 | E30: 0.9002558 | F30: 65.550003 | G30: 0.62097925 | H30: -0.12349504 | I30: 0.65411341 | J30: 0.50173569 | K30: 0.23276807 | L30: 0.4479163
A31: Belarus | B31: 5.2337699 | C31: =AVERAGEIF(A:A, A31, B:B) -> 5.5765529 | D31: 9.8508615 | E31: 0.90456927 | F31: 65.775002 | G31: 0.64360237 | H31: -0.17650361 | I31: 0.71845549 | J31: 0.40888357 | K31: 0.23572862 | L31: 0.42127868
A32: Belarus | B32: 5.65765 | C32: =AVERAGEIF(A:A, A32, B:B) -> 5.5765529 | D32: 9.4890985 | E32: 0.91789866 | F32: 60.060001 | G32: 0.70708048 | H32: -0.24734436 | I32: 0.70827472 | J32: 0.53511918 | K32: 0.26940036 | L32: 0.59328771
A33: Belarus | B33: 5.8214531 | C33: =AVERAGEIF(A:A, A33, B:B) -> 5.5765529 | D33: 9.8667822 | E33: 0.91674048 | F33: 66 | G33: 0.65693361 | H33: -0.18811047 | I33: 0.54590476 | J33: 0.55898947 | K33: 0.18982141 | L33: 0.4608126
A34: Belarus | B34: 5.6169763 | C34: =AVERAGEIF(A:A, A34, B:B) -> 5.5765529 | D34: 9.5761881 | E34: 0.85752767 | F34: 60.619999 | G34: 0.66729951 | H34: -0.22623062 | I34: 0.69484943 | J34: 0.50245601 | K34: 0.2349814 | L34: 0.54361439
A35: Algeria | B35: 4.7446275 | C35: =AVERAGEIF(A:A, A35, B:B) -> 5.2360323 | D35: 9.3520126 | E35: 0.80325866 | F35: 66.400002 | G35: 0.38508344 | H35: 0.002798254 | I35: 0.74060935 | J35: 0.54442781 | K35: 0.21519776
A36: Algeria | B36: 5.3171945 | C36: =AVERAGEIF(A:A, A36, B:B) -> 5.2360323 | D36: 9.3127375 | E36: 0.81023449 | F36: 65.599998 | G36: 0.52956128 | H36: -0.18297538 | I36: 0.63798165 | J36: 0.50273627 | K36: 0.25489664
A37: Algeria | B37: 5.4635668 | C37: =AVERAGEIF(A:A, A37, B:B) -> 5.2360323 | D37: 9.3029823 | F37: 65.5 | G37: 0.59269583 | H37: -0.20763209 | I37: 0.61803788
A38: Algeria | B38: 5.4377551 | C38: =AVERAGEIF(A:A, A38, B:B) -> 5.2360323 | D38: 9.2813005 | E38: 0.8676489 | F38: 66.5 | G38: 0.57389069 | H38: -0.11853615 | I38: 0.72426367 | J38: 0.52416921 | K38: 0.31062976
A39: Algeria | B39: 5.2170177 | C39: =AVERAGEIF(A:A, A39, B:B) -> 5.2360323 | D39: 9.3035164 | E39: 0.84071028 | F39: 66.599998 | G39: 0.55848694 | H39: -0.11119115 | I39: 0.71190005 | J39: 0.49802229 | K39: 0.25777915
A40: Bhutan | B40: 5.5690918 | C40: =AVERAGEIF(A:A, A40, B:B) -> 5.1965995 | D40: 9.1229906 | E40: 0.81894898 | F40: 62.240002 | G40: 0.81020147 | H40: 0.35163271 | I40: 0.80242813 | J40: 0.66367561 | K40: 0.2173499 | L40: 0.97950077
A41: Bhutan | B41: 4.9385781 | C41: =AVERAGEIF(A:A, A41, B:B) -> 5.1965995 | D41: 9.1668091 | E41: 0.88034195 | F41: 62.419998 | G41: 0.8342225 | H41: 0.26683354 | I41: 0.65033847 | J41: 0.77463913 | K41: 0.32409787 | L41: 0.95849234
A42: Bhutan | B42: 5.0821285 | C42: =AVERAGEIF(A:A, A42, B:B) -> 5.1965995 | D42: 9.2189112 | E42: 0.84757441 | F42: 62.599998 | G42: 0.83010155 | H42: 0.27632517 | I42: 0.63395578 | J42: 0.72323263 | K42: 0.3115893 | L42: 0.94639301
A43: Albania | B43: 4.6395483 | C43: =AVERAGEIF(A:A, A43, B:B) -> 5.051932 | D43: 9.4549303 | E43: 0.63769829 | F43: 69.050003 | G43: 0.74961102 | H43: -0.028629376 | I43: 0.87613463 | J43: 0.54724044 | K43: 0.33388412 | L43: 0.45773753
A44: Albania | B44: 4.9953179 | C44: =AVERAGEIF(A:A, A44, B:B) -> 5.051932 | D44: 9.5219784 | E44: 0.68636489 | F44: 69.099998 | G44: 0.77735144 | H44: -0.099057563 | I44: 0.91428429 | J44: 0.54818928 | K44: 0.27382737 | L44: 0.33662787
A45: Albania | B45: 5.3649096 | C45: =AVERAGEIF(A:A, A45, B:B) -> 5.051932 | D45: 9.4874001 | E45: 0.71011502 | F45: 69.125 | G45: 0.75367105 | H45: 0.006331214 | I45: 0.89135897 | J45: 0.56348616 | K45: 0.26506612 | L45: 0.37340283
A46: Albania | B46: 5.0044026 | C46: =AVERAGEIF(A:A, A46, B:B) -> 5.051932 | D46: 9.4968042 | E46: 0.68359166 | F46: 69.074997 | G46: 0.82421231 | H46: 0.009069982 | I46: 0.89912939 | J46: 0.59204465 | K46: 0.31899673 | L46: 0.43533796
A47: Albania | B47: 5.2554817 | C47: =AVERAGEIF(A:A, A47, B:B) -> 5.051932 | D47: 9.5622873 | E47: 0.70188278 | F47: 69.150002 | G47: 0.82745272 | H47: 0.044741828 | I47: 0.89612663 | J47: 0.55383009 | K47: 0.25365448 | L47: 0.47292402
A48: Azerbaijan | B48: 5.1522794 | C48: =AVERAGEIF(A:A, A48, B:B) -> 4.9344807 | D48: 9.5554476 | E48: 0.7870394 | F48: 63.349998 | G48: 0.73103046 | H48: -0.22653297 | I48: 0.65253902 | J48: 0.51152688 | K48: 0.19831866 | L48: 0.76658344
A49: Azerbaijan | B49: 4.7278709 | C49: =AVERAGEIF(A:A, A49, B:B) -> 4.9344807 | D49: 9.1541872 | E49: 0.85441488 | F49: 60.580002 | G49: 0.77152818 | H49: -0.23473223 | I49: 0.77411717 | J49: 0.4687556 | K49: 0.27569514 | L49: 0.75470662
A50: Azerbaijan | B50: 4.5681596 | C50: =AVERAGEIF(A:A, A50, B:B) -> 4.9344807 | D50: 9.3659916 | E50: 0.75324678 | F50: 60.860001 | G50: 0.52204633 | H50: -0.2067287 | I50: 0.87090999 | J50: 0.47429127 | K50: 0.28435749 | L50: 0.7084055
A51: Azerbaijan | B51: 4.8171892 | C51: =AVERAGEIF(A:A, A51, B:B) -> 4.9344807 | D51: 9.4471798 | E51: 0.68426722 | F51: 61.139999 | G51: 0.60104328 | H51: -0.029483547 | I51: 0.71512473 | J51: 0.56081766 | K51: 0.22679542 | L51: 0.79229122
... A54: Bosnia and Herzegovina | B54: 4.899807 | C54: =AVERAGEIF(A:A, A54, B:B) -> 4.9316421 | D54: 9.2535534 | E54: 0.76560384 | F54: 67 | G54: 0.34156567 | H54: 0.005820639 | I54: 0.92612499 | J54: 0.57017803 | K54: 0.29646581 | L54: 0.40355229
A55: Bosnia and Herzegovina | B55: 4.9634771 | C55: =AVERAGEIF(A:A, A55, B:B) -> 4.9316421 | D55: 9.2832165 | E55: 0.73523217 | F55: 67 | G55: 0.25753382 | H55: -0.025712101 | I55: 0.95873988 | J55: 0.50685567 | K55: 0.3902041
A56: Bangladesh | B56: 5.0522785 | C56: =AVERAGEIF(A:A, A56, B:B) -> 4.6595033 | D56: 7.8857241 | E56: 0.46655348 | F56: 60.16 | G56: 0.60601217 | H56: -0.04347172 | I56: 0.80181992 | J56: 0.54463839 | K56: 0.23186076 | L56: 0.76193243
A57: Bangladesh | B57: 4.3189092 | C57: =AVERAGEIF(A:A, A57, B:B) -> 4.6595033 | D57: 7.7828417 | E57: 0.6720022 | F57: 59.119999 | G57: 0.61166424 | H57: 0.068531953 | I57: 0.78591621 | J57: 0.45865476 | K57: 0.32079279 | L57: 0.61373705
A58: Bangladesh | B58: 4.6073222 | C58: =AVERAGEIF(A:A, A58, B:B) -> 4.6595033 | D58: 7.8387814 | E58: 0.51417071 | F58: 59.639999 | G58: 0.60453832 | H58: 0.040541437 | I58: 0.80611688 | J58: 0.48425555 | K58: 0.31313816 | L58: 0.73276013
A59: Armenia | B59: 4.2893109 | C59: =AVERAGEIF(A:A, A59, B:B) -> 4.5854132 | D59: 9.0436344 | E59: 0.68187678 | F59: 63.84 | G59: 0.52019781 | H59: -0.23194753 | I59: 0.84951311 | J59: 0.45341751 | K59: 0.46941882 | L59: 0.34433749
A60: Armenia | B60: 4.8815155 | C60: =AVERAGEIF(A:A, A60, B:B) -> 4.5854132 | D60: 9.180748 | E60: 0.75964433 | F60: 64.080002 | G60: 0.60541075 | H60: -0.25220981 | I60: 0.81744486 | J60: 0.45375159 | K60: 0.41171741 | L60: 0.38762021
A61: Angola | B61: 4.36025 | C61: =AVERAGEIF(A:A, A61, B:B) -> 4.4202989 | D61: 8.9917727 | E61: 0.75259286 | F61: 51.84 | G61: 0.45602858 | H61: -0.13694485 | I61: 0.90630049 | J61: 0.59080821 | K61: 0.30489007 | L61: 0.23709069
A62: Angola | B62: 3.9371068 | C62: =AVERAGEIF(A:A, A62, B:B) -> 4.4202989 | D62: 9.0046101 | E62: 0.72159076 | F62: 52.459999 | G62: 0.40955487 | H62: -0.1044441 | I62: 0.81637549 | J62: 0.65004671 | K62: 0.370875 | L62: 0.54773235
A63: Angola | B63: 3.794838 | C63: =AVERAGEIF(A:A, A63, B:B) -> 4.4202989 | D63: 9.0167351 | E63: 0.75461549 | F63: 53.080002 | G63: 0.37454155 | H63: -0.16862109 | I63: 0.83407563 | J63: 0.59524941 | K63: 0.36786413 | L63: 0.57234567
A64: Angola | B64: 5.5890007 | C64: =AVERAGEIF(A:A, A64, B:B) -> 4.4202989 | D64: 8.9457817 | E64: 0.72309434 | F64: 51.220001 | G64: 0.58370179 | H64: 0.054425657 | I64: 0.91132033 | J64: 0.66683257 | K64: 0.36106315 | L64: 0.23238717
A65: Afghanistan | B65: 3.7235899 | C65: =AVERAGEIF(A:A, A65, B:B) -> 4.178867 | D65: 7.3025737 | E65: 0.45066231 | F65: 50.5 | G65: 0.71811432 | H65: 0.17316929 | I65: 0.88168633 | J65: 0.41429704 | K65: 0.25819549 | L65: 0.61207211
A66: Afghanistan | B66: 4.4017782 | C66: =AVERAGEIF(A:A, A66, B:B) -> 4.178867 | D66: 7.4724464 | E66: 0.55230844 | F66: 50.799999 | G66: 0.67889637 | H66: 0.19546913 | I66: 0.85003543 | J66: 0.48142144 | K66: 0.23709242 | L66: 0.6115452
A67: Afghanistan | B67: 4.7583809 | C67: =AVERAGEIF(A:A, A67, B:B) -> 4.178867 | D67: 7.5791826 | E67: 0.5390752 | F67: 51.099998 | G67: 0.60012722 | H67: 0.12585947 | I67: 0.70676607 | J67: 0.51690668 | K67: 0.27532381 | L67: 0.29935741
... A79: Benin | B79: 3.8702796 | C79: =AVERAGEIF(A:A, A79, B:B) -> 3.6224069 | D79: 7.9039173 | E79: 0.47749439 | F79: 53.259998 | G79: 0.77291876 | H79: -0.14208956 | I79: 0.84947222 | J79: 0.57443893 | K79: 0.21867846 | L79: 0.77715039

Sheet Country Averages
A1: Country_name | B1: Average Life Ladder
A2: Austria | B2: =AVERAGEIF('original data'!A:A, A2, 'original data'!B:B) -> 7.1628304
A3: Belgium | B3: =AVERAGEIF('original data'!A:A, A3, 'original data'!B:B) -> 6.8054495
A4: Brazil | B4: =AVERAGEIF('original data'!A:A, A4, 'original data'!B:B) -> 6.5152433
A5: Belize | B5: =AVERAGEIF('original data'!A:A, A5, 'original data'!B:B) -> 6.2031455
A6: Argentina | B6: =AVERAGEIF('original data'!A:A, A6, 'original data'!B:B) -> 6.0311928
A7: Bahrain | B7: =AVERAGEIF('original data'!A:A, A7, 'original data'!B:B) -> 5.6356533
A8: Bolivia | B8: =AVERAGEIF('original data'!A:A, A8, 'original data'!B:B) -> 5.5964644
A9: Belarus | B9: =AVERAGEIF('original data'!A:A, A9, 'original data'!B:B) -> 5.5765529
A10: Algeria | B10: =AVERAGEIF('original data'!A:A, A10, 'original data'!B:B) -> 5.2360323
A11: Bhutan | B11: =AVERAGEIF('original data'!A:A, A11, 'original data'!B:B) -> 5.1965995
A12: Albania | B12: =AVERAGEIF('original data'!A:A, A12, 'original data'!B:B) -> 5.051932
A13: Azerbaijan | B13: =AVERAGEIF('original data'!A:A, A13, 'original data'!B:B) -> 4.9344807
... A22: Benin | B22: =AVERAGEIF('original data'!A:A, A22, 'original data'!B:B) -> 3.6224069
